{"cameraMode":{"drawMode":0,"name":"Shaded","section":"Shading Mode"},"sceneLighting":false,"audioPlay":false,"sceneViewState":{"showFog":true,"showMaterialUpdate":false,"showSkybox":false,"showFlares":true,"showImageEffects":true,"showParticleSystems":true,"showVisualEffectGraphs":true,"m_FxEnabled":true},"in2DMode":false,"pivot":{"x":0.025025010108947755,"y":1.0512330532073975,"z":0.03601181507110596},"rotation":{"x":0.3678669035434723,"y":0.3549700677394867,"z":-0.15444892644882203,"w":0.8454685211181641},"size":2.081178903579712,"orthographic":false}