{"cameraMode":{"drawMode":0,"name":"Shaded","section":"Shading Mode"},"sceneLighting":false,"audioPlay":false,"sceneViewState":{"showFog":true,"showMaterialUpdate":false,"showSkybox":false,"showFlares":true,"showImageEffects":true,"showParticleSystems":true,"showVisualEffectGraphs":true,"m_FxEnabled":true},"in2DMode":false,"pivot":{"x":263.35919189453127,"y":278.2562561035156,"z":61.163108825683597},"rotation":{"x":0.013789129443466664,"y":-0.03389051929116249,"z":0.0004685184685513377,"w":0.9993308782577515},"size":86.25920867919922,"orthographic":false}