{"cameraMode":{"drawMode":0,"name":"Shaded","section":"Shading Mode"},"sceneLighting":false,"audioPlay":false,"sceneViewState":{"showFog":true,"showMaterialUpdate":false,"showSkybox":false,"showFlares":true,"showImageEffects":true,"showParticleSystems":true,"showVisualEffectGraphs":true,"m_FxEnabled":true},"in2DMode":false,"pivot":{"x":-1.8395767211914063,"y":11.585715293884278,"z":4.53810977935791},"rotation":{"x":0.13952836394309998,"y":-0.07567349821329117,"z":0.010694676078855992,"w":0.9872652888298035},"size":10.532048225402832,"orthographic":false}