{"cameraMode":{"drawMode":0,"name":"Shaded","section":"Shading Mode"},"sceneLighting":true,"audioPlay":false,"sceneViewState":{"showFog":true,"showMaterialUpdate":false,"showSkybox":true,"showFlares":true,"showImageEffects":true,"showParticleSystems":true,"showVisualEffectGraphs":true,"m_FxEnabled":true},"in2DMode":false,"pivot":{"x":-15.058594703674317,"y":-3.5416457653045656,"z":-9.512041091918946},"rotation":{"x":0.34954217076301577,"y":0.22447234392166139,"z":-0.08665139973163605,"w":0.9055014252662659},"size":18.238449096679689,"orthographic":false}